{
	"errno": 0,
	"msg": "请求报错了",
	"data": [
		{
			"_id": 1,
			"img": "static/img/lesson/11.jpg",
			"title": "爱创课堂Javscript进阶课程",
			"sales": "12345",
			"price": "200.00",
			"type": "super"
		},
		{
			"_id": 2,
			"img": "static/img/lesson/12.jpg",
			"title": "爱创课堂Javscript进阶课程",
			"sales": "12345",
			"price": "200.00",
			"type": "super"
		},
		{
			"_id": 3,
			"img": "static/img/lesson/13.jpg",
			"title": "爱创课堂Javscript进阶课程",
			"sales": "12345",
			"price": "200.00",
			"type": "super"
		},
		{
			"_id": 4,
			"img": "static/img/lesson/14.jpg",
			"title": "爱创课堂Javscript进阶课程",
			"sales": "12345",
			"price": "200.00",
			"type": "super"
		},
		{
			"_id": 5,
			"img": "static/img/lesson/15.jpg",
			"title": "爱创课堂Javscript进阶课程",
			"sales": "12345",
			"price": "200.00",
			"type": "super"
		},
		{
			"_id": 6,
			"img": "static/img/lesson/06.jpg",
			"title": "爱创课堂Javscript进阶课程",
			"sales": "12345",
			"price": "200.00",
			"type": "super"
		},
		{
			"_id": 7,
			"img": "static/img/lesson/07.jpg",
			"title": "爱创课堂Javscript进阶课程",
			"sales": "12345",
			"price": "200.00",
			"type": "super"
		},
		{
			"_id": 8,
			"img": "static/img/lesson/08.jpg",
			"title": "爱创课堂Javscript进阶课程",
			"sales": "12345",
			"price": "200.00",
			"type": "super"
		},
		{
			"_id": 9,
			"img": "static/img/lesson/09.jpg",
			"title": "爱创课堂Javscript进阶课程",
			"sales": "12345",
			"price": "200.00",
			"type": "super"
		},
		{
			"_id": 10,
			"img": "static/img/lesson/10.jpg",
			"title": "爱创课堂Javscript进阶课程",
			"sales": "12345",
			"price": "200.00",
			"type": "super"
		},
		{
			"_id": 11,
			"img": "static/img/lesson/11.jpg",
			"title": "爱创课堂Javscript进阶课程",
			"sales": "12345",
			"price": "200.00",
			"type": "super"
		},
		{
			"_id": 12,
			"img": "static/img/lesson/12.jpg",
			"title": "爱创课堂Javscript进阶课程",
			"sales": "12345",
			"price": "200.00",
			"type": "super"
		},
		{
			"_id": 13,
			"img": "static/img/lesson/13.jpg",
			"title": "爱创课堂Javscript进阶课程",
			"sales": "12345",
			"price": "200.00",
			"type": "super"
		},
		{
			"_id": 14,
			"img": "static/img/lesson/14.jpg",
			"title": "爱创课堂Javscript进阶课程",
			"sales": "12345",
			"price": "200.00",
			"type": "super"
		},
		{
			"_id": 15,
			"img": "static/img/lesson/15.jpg",
			"title": "爱创课堂Javscript进阶课程",
			"sales": "12345",
			"price": "200.00",
			"type": "super"
		},
		{
			"_id": 16,
			"img": "static/img/lesson/16.jpg",
			"title": "爱创课堂Javscript进阶课程",
			"sales": "12345",
			"price": "200.00",
			"type": "super"
		},
		{
			"_id": 17,
			"img": "static/img/lesson/17.jpg",
			"title": "爱创课堂Javscript进阶课程",
			"sales": "12345",
			"price": "200.00",
			"type": "super"
		},
		{
			"_id": 18,
			"img": "static/img/lesson/18.jpg",
			"title": "爱创课堂Javscript进阶课程",
			"sales": "12345",
			"price": "200.00",
			"type": "super"
		}
	]
}